couponDates,couponAmounts,faceAmounts,currency,name,isin,issueDate,cfactor
05/15/2014,18.75,0,USD,CTD_WNU7,US912810RD28,11/15/2013,0.7056
11/15/2014,18.75,0,,,,,
05/15/2015,18.75,0,,,,,
11/15/2015,18.75,0,,,,,
05/15/2016,18.75,0,,,,,
11/15/2016,18.75,0,,,,,
05/15/2017,18.75,0,,,,,
11/15/2017,18.75,0,,,,,
05/15/2018,18.75,0,,,,,
11/15/2018,18.75,0,,,,,
05/15/2019,18.75,0,,,,,
11/15/2019,18.75,0,,,,,
05/15/2020,18.75,0,,,,,
11/15/2020,18.75,0,,,,,
05/15/2021,18.75,0,,,,,
11/15/2021,18.75,0,,,,,
05/15/2022,18.75,0,,,,,
11/15/2022,18.75,0,,,,,
05/15/2023,18.75,0,,,,,
11/15/2023,18.75,0,,,,,
05/15/2024,18.75,0,,,,,
11/15/2024,18.75,0,,,,,
05/15/2025,18.75,0,,,,,
11/15/2025,18.75,0,,,,,
05/15/2026,18.75,0,,,,,
11/15/2026,18.75,0,,,,,
05/15/2027,18.75,0,,,,,
11/15/2027,18.75,0,,,,,
05/15/2028,18.75,0,,,,,
11/15/2028,18.75,0,,,,,
05/15/2029,18.75,0,,,,,
11/15/2029,18.75,0,,,,,
05/15/2030,18.75,0,,,,,
11/15/2030,18.75,0,,,,,
05/15/2031,18.75,0,,,,,
11/15/2031,18.75,0,,,,,
05/15/2032,18.75,0,,,,,
11/15/2032,18.75,0,,,,,
05/15/2033,18.75,0,,,,,
11/15/2033,18.75,0,,,,,
05/15/2034,18.75,0,,,,,
11/15/2034,18.75,0,,,,,
05/15/2035,18.75,0,,,,,
11/15/2035,18.75,0,,,,,
05/15/2036,18.75,0,,,,,
11/15/2036,18.75,0,,,,,
05/15/2037,18.75,0,,,,,
11/15/2037,18.75,0,,,,,
05/15/2038,18.75,0,,,,,
11/15/2038,18.75,0,,,,,
05/15/2039,18.75,0,,,,,
11/15/2039,18.75,0,,,,,
05/15/2040,18.75,0,,,,,
11/15/2040,18.75,0,,,,,
05/15/2041,18.75,0,,,,,
11/15/2041,18.75,0,,,,,
05/15/2042,18.75,0,,,,,
11/15/2042,18.75,0,,,,,
05/15/2043,18.75,0,,,,,
11/15/2043,18.75,1000,,,,,
